{"count":1,"self":153.6908288,"total":174.7010374,"children":{"InitializeActuators":{"count":12,"self":0.0149486,"total":0.0149486,"children":null},"InitializeSensors":{"count":12,"self":0.011960199999999999,"total":0.011960199999999999,"children":null},"AgentSendState":{"count":8095,"self":0.47728469999999995,"total":1.2139965,"children":{"CollectObservations":{"count":19428,"self":0.3541707,"total":0.3541707,"children":null},"WriteActionMask":{"count":19428,"self":0.058097699999999995,"total":0.058097699999999995,"children":null},"RequestDecision":{"count":19428,"self":0.3244434,"total":0.3244434,"children":null}}},"DecideAction":{"count":8095,"self":16.369934399999998,"total":16.3699348,"children":null},"AgentAct":{"count":8095,"self":3.3903955999999997,"total":3.3903955999999997,"children":null}},"gauges":{"3DBall.CumulativeReward":{"count":13,"max":99.99905,"min":46.0998535,"runningAverage":95.85295,"value":46.0998535,"weightedAverage":86.52425}},"metadata":{"timer_format_version":"0.1.0","start_time_seconds":"1650029737","unity_version":"2021.2.16f1","command_line_arguments":"C:\\Program Files\\Unity\\Hub\\Editor\\2021.2.16f1\\Editor\\Unity.exe -projectPath C:\\Users\\yuta04\\ML-Agents\\ml-agents_r19_test","communication_protocol_version":"1.5.0","com.unity.ml-agents_version":"2.2.1-exp.1","scene_name":"3DBall","end_time_seconds":"1650029912"}}